Date,code
2021-08-02 22:30:00+09:00,A
2021-08-02 22:30:00+09:00,ANAT
2021-08-02 22:30:00+09:00,BBDC
2021-08-02 22:30:00+09:00,DAVA
2021-08-02 22:30:00+09:00,EXLS
2021-08-02 22:30:00+09:00,HCI
2021-08-02 22:30:00+09:00,IR
2021-08-02 22:30:00+09:00,KAI
2021-08-02 22:30:00+09:00,MXIM
2021-08-02 22:30:00+09:00,NTAP
2021-08-02 22:30:00+09:00,SEE
2021-08-02 22:30:00+09:00,SWAV
2021-08-02 22:30:00+09:00,TRNS
2021-08-02 22:30:00+09:00,TU
2021-08-16 22:30:00+09:00,ALLE
2021-08-16 22:30:00+09:00,ARW
2021-08-16 22:30:00+09:00,MHO
2021-08-20 22:30:00+09:00,XLI
2021-08-20 22:30:00+09:00,TTEC
2021-08-20 22:30:00+09:00,SF
2021-08-20 22:30:00+09:00,MAN
2021-08-26 22:30:00+09:00,CMA
2021-08-26 22:30:00+09:00,ACHC
2021-09-07 22:30:00+09:00,NSIT
2021-09-07 22:30:00+09:00,BMO
2021-09-07 22:30:00+09:00,CCEP
2021-09-07 22:30:00+09:00,CTRN
2021-09-07 22:30:00+09:00,J
